InstructorID,PCID
b5337e9d-b0d1-4ef1-9e21-808fce5b1668,9806543c-d897-48da-b8e8-1f6e62764fff
fd55459e-b0bb-489d-a8d2-7e68ca70c091,af7074fa-1227-498c-a668-7bb6517d8953
590827da-c4b7-414b-ae0a-1d8c58313d51,df91be06-50da-4075-9e06-43d9e7fdd639
6cbb759e-a8ca-4714-b4d0-03a4c22a8c77,228bd990-e173-4130-8966-78d6b91699de
9df6207a-8415-49a2-bd53-d5805106826a,783157ba-0662-4b56-b1ab-55a5150294b4
863fe2c5-7cbf-4914-b6ec-42e22fd6b0c3,dd1c0329-5f2b-4728-8b57-51df051b27a1
682d794e-b749-4a4f-ac4e-47c9baf22d7c,2a9b41a7-e1b7-44f1-99b3-124644d66185
460de21c-8afd-45c5-84ee-9693f39857e9,33ac03ff-ffc2-4d93-905a-267924dfa293
4dd8f537-27f3-4a55-ada2-23c72c077468,246ecf85-356e-4652-b58e-3c6ba954248e
f280af32-c46d-4231-9b48-7b557bcdac24,3bf34771-f291-430b-95fd-ccc13a825757
1d9358c5-091e-4e69-8dc2-3279e0d5bf1c,a7a65a55-5df9-4c4a-825b-e000bca7ff83
e5054ed5-7f43-4a43-a862-26b679004735,506bec22-f70a-400d-b0dc-d297b2ca8f50
6bb854b9-3cc6-4781-96f3-d8bfd8722a5b,9b1d4d47-c0b4-48c9-96b6-c4f2e2bfb792
d4e2ef8f-26f3-489f-afbf-0ddc9ba5818a,30d2415e-d308-4af8-a554-2b24aba341c5
f697a6ef-64b4-4ef6-bbed-552745a5c086,775a97cc-f176-4065-9bd4-a0216d64db16
cc0f08db-ce3c-4f1c-a19f-71a7cba2d288,92e3524d-48b3-433d-b43e-8e050db53a3a
eb7c07c3-985d-4585-a74a-98113ef1893d,7d437d9b-54f8-4e2a-adba-f21a2174b047
3b4e24a2-dfee-436e-9e44-e54171f6acde,b1f00e14-6744-47bf-8a42-c1639e6e9524
82333563-dfe5-4bc8-9559-07eedc3d32fd,c96bad9c-fe95-46ae-87dc-9b52a3bde25e
0a1b1ca8-9e50-4cbd-8f70-ee7f801a58f6,cc63401b-6f30-45a5-81cf-608397b5c37b
610d6f60-5b98-4ca5-b126-f9889b67349d,9fbbb426-4f63-45d2-8a9d-aaa0e297001e
b4d11d04-02be-4f93-80ad-d0463a23b788,51df5f77-b1d4-461d-9191-5ae03efad395
fd2dd2b8-e836-4885-b8d9-f0e1ee4eb699,f07fd665-d87d-4373-9d5d-9b720c04a8a4
97dc512e-2b16-45cd-80ef-36aa8ddcd27c,40ac3a9e-4f38-4441-a128-df919a939ea9
3cd0defc-6aa3-4b76-9d3d-498fdc2c6e74,843739bb-75b3-487f-bffd-12cb7e7c17c9
