StudentID,PCID
6136884a-861c-4a81-a881-bfe4fb124d9e,3d79c85a-92da-432e-9470-3e5abd994b61
efb16bae-a92c-44fb-bff3-48b0559f879e,42401056-2ac6-4524-9f48-3799a000bde7
c940e6aa-785c-4840-be1e-de11597c4ebc,ae0c673e-5803-496f-8e68-a50bb762d4e5
4e58be5a-f261-472f-b1d6-f5ea203dc710,45ed92d2-89c1-495f-afbd-286979ee024f
eff073c6-9d40-44e0-84f9-fb9d75801ad3,4a5ce99c-28dd-4ca9-934b-e8bfaa3a4ae3
babb1ee8-0a4c-407e-b57e-1a0a1a74a86e,24f63274-8ad6-446c-884e-ed16dee0dc68
8d23af74-0250-460b-be2c-03533fa94693,a60da48e-c1cd-48e4-a106-df8ad4fe40a7
d90e7896-980e-4520-9a28-482597a66979,edc7be2f-948a-4a76-a1fc-4e24cab4fde3
d43a1ad2-a1f8-4562-8126-c0672898e935,088504a2-5b70-43ae-a4cd-3375f4907aab
989b0311-56f6-4694-8e8b-74828c89860f,82909b1b-c700-4b09-b7d4-56e4b11ad959
8a85b7f4-9098-4dd1-8560-47d845314202,c44497fd-6224-4126-afd9-bb194714721c
1db66349-1f13-4b1d-8675-7366c985b628,2eb2e394-a557-4c45-8b94-b68a19d7f793
a5475f50-351d-41db-a528-e4a214e43a52,48d0eb3c-83db-4d59-948a-8268ea9d86d1
61dc7d4b-fd52-45ec-bf1f-8dc6c655cb4e,bc7d4987-48d6-4ee1-97d2-e16ee11c837f
1316ba84-5eed-4336-a6a0-4d956685c2fb,c70dc713-dee4-4cde-8436-69cc2844b74f
f9f0b9b5-f1bd-4a37-bc5e-e95ebf785ae7,42ed9d92-5a68-48e7-b00b-434cdd97734f
61d26051-cd43-45d4-b3f4-d031c3d30e43,db5d470c-9702-4c42-8ddc-7e49f067c410
f8182832-a457-4868-a892-c84ed30b8ef8,73b65bf1-7225-4971-9f6a-0c1f4bed9a2a
1c782de8-cdf3-4d08-9594-0d3d7e3c92d7,e1025a03-7981-477f-b6c6-655ab2abbbb9
1efcdeb6-ed47-4e89-9b31-879674a2e61d,ecca4960-e85f-4069-bb19-39a77e4bf02a
ddd108b9-f2fe-4476-a9ab-1896b2acbdda,c3adc4f1-e7e9-4e07-9a65-93a758d5d485
18bc5039-2f31-440b-9314-d38784c191eb,d0195a00-5267-4153-89ac-aaaf66d1dd58
04cee8a0-1e87-41e0-a82b-857ad8b7fcff,471aed8b-bea3-46e2-9199-5d754b50aaa7
93d9061c-0f2d-4145-b73f-1bdb0ba07b6e,07b11be4-0d82-42c6-b050-1e4a3eed536e
c0c02418-ddfc-489e-94dc-4ee01b0bf23d,95af5c7c-acce-434c-903c-0c07c2c2c299
bc1ab289-73cd-4483-9e25-c8c360515c30,969878d6-9595-4d9e-8b39-1cef6266dea3
fe947bbe-3fa5-4d4b-9148-f56df6f24e43,7925d0f1-42a6-455a-9f6c-9162403afef4
0412482c-19a7-427f-96ca-c1516529283f,5c318b33-418b-4cb3-be5a-49d0fc58bf80
6cfb61a6-705f-4edc-8eaa-425b4922a6a4,624fc753-c8b7-4b4f-9123-f54cb14c9cde
3ed75b12-060a-4aa7-babb-0dbf01074a96,a5662fce-2ccb-40bd-b1ad-b29b29fde6a7
7b2a800b-4315-4999-b5f5-36de480e6b81,7c467743-7455-49ea-ab0d-3893933a3133
800605b7-3e4e-42f9-a4b9-58580df7ab57,989b283f-cbe8-44a5-9a18-326ea8659c6a
e78805fb-a12a-4cd6-8add-8ab6177037b2,11f788af-d489-4533-abd7-b0eb5262fb3e
141ef7fc-a54a-4b21-bca9-1814d175b2ac,58b3a5b4-0d5c-4175-b608-27c3c9f5faec
7c63c898-2c70-4637-825d-9e874692ff0c,b7efbe81-af33-4b1b-9126-c752c8f8fc86
3238dab2-e8b3-4de8-b2ce-92996c4b7093,de9cc6cd-f68b-47f9-9f7f-b306dad05c11
fa1d0b8a-e557-406f-8643-744a5c4c1f0b,a7746b8f-2396-4ae3-83c9-b283eac44b55
3d3e7680-c818-4233-8b1b-6014e7c36d4c,97014508-e4ae-44a7-86b6-636b8deaff2e
2211b228-48ab-445a-a9cb-f52887c9aa53,3148e902-7802-4425-9862-05694dfa27a0
922112dc-3b84-49ac-969f-8afe6282c252,02da402e-9dc0-4f70-b034-b1d6c83b2cbf
fe3d11b0-2ad8-4f4c-9ee1-11b637afe104,de762e30-b349-43e6-b28c-f3e01bee7581
737a43e8-c389-4cf2-9ee7-ba2182b5606c,b44f9110-2427-4b41-88df-d762b3f7eb0d
b772a92a-56e4-4c33-818d-00113ae14f39,37d47285-d67a-4950-9f2e-9fdb024171d2
f309ef30-596c-47bf-b0a6-628922d40acb,3eefe2ac-437b-48bf-b838-eb80e35e2a9d
0f179c06-db72-42ce-af14-49493f41a004,c077850a-5b7f-427a-85ba-8019f391b877
a8dffd88-962d-4663-9608-1003edf8e3a3,236b042f-0b92-469e-a6ea-5ba2a4833352
c405e063-65a1-4e7b-8ef1-51d579f93fbd,ce4cf383-0a6f-4f37-90bf-de574c68d005
a018243f-4e09-4ae0-83c9-ce30c15bab6d,933e421b-9b98-4b54-99aa-729763390f9f
47c257c6-a1c0-4b0f-8af7-7a564350f434,bb3d7b2a-23a1-4fc2-8f84-6b1bb5cf5c5e
7af672be-bd05-438c-86da-1161a275a474,fece8033-505a-4ba2-a2f7-e7bc6785c08e
48779df5-3bf2-40ff-bf1f-fcd88f0f9224,e99c2f7f-d41a-4090-83ce-9a8f352524ae
41c998a7-e366-4a11-a78a-b5c811315f8f,214f6c03-a6da-4064-82bd-1aa770b5c67a
7279414f-23d7-4e71-aa65-c3f27594f04a,2772b893-e267-4883-81cc-a6514766e415
1ee79806-5b2e-4d1f-b4a9-6df5e51cba92,be6fc92c-358e-4af6-87a3-e438bdfc0de5
feac4131-b0a4-4940-8840-134d60fed92a,49d82c0b-1115-4180-ba01-1dab3f7ba914
c586ac54-5c72-4db2-b5ef-fb1aa192e954,3f4ad1f9-c8e1-490e-9654-022ca37d19db
c94993fa-7e17-48f9-a8c5-379f19f2905b,2e3c3947-cfde-4fbd-96f3-e93287f820db
4fb06c4d-f65c-4a0c-9a25-2772a0e335fe,2760e851-de6f-46d4-b039-1f42b33ebf0a
939aaa41-ca0c-48b7-b5b9-64bf80695d9f,3e20e8c2-ff1e-42c2-b4bf-af23facdace6
5e5d7294-c71f-4bf0-8945-fb094f038355,2ab2449c-9977-4c8f-902c-96323b5c90a2
59560743-e515-4202-9aca-83959f7d7a12,1398cb09-29d9-4a38-9399-358c088a8cda
0c2a781a-eb33-46fb-9d6b-3146ef957b09,4ad18eec-ad95-49e7-a079-5a2c2cfcab8f
ee8a801c-e791-4c9b-8d11-8d66095ebaea,28ef9fdd-0c35-4666-a0ad-48a85b703c17
5e026f1c-9e20-44a3-b433-7e7947974e21,c2530993-073f-4ba1-bdc5-11482cd4b232
68303753-e1e4-42d3-8f2a-e1ff43b12f49,af015b17-fcac-45a9-8cc9-729bbbf1b206
22194c1e-eeeb-402c-b100-aaf357ce3d18,36132587-43e3-4de9-8f91-0362345ac492
45ed5142-071e-4da0-8a2f-e806a078d7fb,1c6da984-36b4-4995-bd0d-3b3aef152054
6bcc82b2-ff1f-448e-b251-d7a34f054185,5408474b-20b9-4757-849f-5ae9fcc8e0f9
4d6f23fd-b2c6-45b0-9a82-c01b65880ce4,f1ae80c9-0714-4167-8ecf-509a59f77a90
9acf1c43-cc06-41e2-aa81-f7edfd270b4b,3254c45f-84de-468a-bfea-7825bd0dc9d5
21f3d375-c9e4-4d10-aa32-ec32f4486632,4a308aaf-9f02-4c25-a892-d63792b0abfc
5e0f9366-c524-4208-951d-984500584634,cce30c32-62e3-4134-82e2-fc38d5bdd73b
4f42ae4a-852c-44c4-afb5-2c58895bc2b9,0526fcd5-53de-43e7-abae-15face93beac
a0a52e2f-93ba-4aa2-9fec-383cca12b35a,389f1747-0936-408b-bc0c-8ff5b4d867f1
196d44f2-e1f5-4d26-8b1e-5a51aaa20d10,c9d045c7-f7dc-4f9b-ac55-cd624f12ea72
