UserID,ThreadID
1316ba84-5eed-4336-a6a0-4d956685c2fb,e5f2a46f-3268-4b31-a3e9-6c7b690e76c0
7279414f-23d7-4e71-aa65-c3f27594f04a,7cb52507-9a79-4d35-a675-7ea2db1d30bf
8d23af74-0250-460b-be2c-03533fa94693,e5f2a46f-3268-4b31-a3e9-6c7b690e76c0
460de21c-8afd-45c5-84ee-9693f39857e9,c746241b-25fb-4061-9b94-1002dd319ea0
5e5d7294-c71f-4bf0-8945-fb094f038355,e5f2a46f-3268-4b31-a3e9-6c7b690e76c0
93d9061c-0f2d-4145-b73f-1bdb0ba07b6e,c746241b-25fb-4061-9b94-1002dd319ea0
939aaa41-ca0c-48b7-b5b9-64bf80695d9f,eeec72f5-29ac-405f-b263-954a71ac6c72
460de21c-8afd-45c5-84ee-9693f39857e9,4d4ac60d-3825-41bc-af0a-86e521847990
800605b7-3e4e-42f9-a4b9-58580df7ab57,c746241b-25fb-4061-9b94-1002dd319ea0
feac4131-b0a4-4940-8840-134d60fed92a,eeec72f5-29ac-405f-b263-954a71ac6c72
babb1ee8-0a4c-407e-b57e-1a0a1a74a86e,8614abe6-e792-4699-9d7b-95cbf62ca4ff
1d9358c5-091e-4e69-8dc2-3279e0d5bf1c,8614abe6-e792-4699-9d7b-95cbf62ca4ff
1db66349-1f13-4b1d-8675-7366c985b628,d723ca1f-f7a7-4b3e-8330-082d8785c507
3b4e24a2-dfee-436e-9e44-e54171f6acde,eeec72f5-29ac-405f-b263-954a71ac6c72
18bc5039-2f31-440b-9314-d38784c191eb,269139e8-5b07-4b1f-8539-d1159b2a5b60
48779df5-3bf2-40ff-bf1f-fcd88f0f9224,a903ebdc-e090-4c96-8ef3-f4d67ffa58d9
bc1ab289-73cd-4483-9e25-c8c360515c30,7cb52507-9a79-4d35-a675-7ea2db1d30bf
d43a1ad2-a1f8-4562-8126-c0672898e935,0fba6d10-eb81-4f81-a44c-8cb496921e47
141ef7fc-a54a-4b21-bca9-1814d175b2ac,9f4b1e0d-7bac-4e21-ac8d-e5b4252c5ebc
fd55459e-b0bb-489d-a8d2-7e68ca70c091,042c817a-b186-438d-b494-1869aa39e410
5e0f9366-c524-4208-951d-984500584634,9f4b1e0d-7bac-4e21-ac8d-e5b4252c5ebc
eb7c07c3-985d-4585-a74a-98113ef1893d,090d0e70-43b9-464a-b308-685b8f01ddc9
0f179c06-db72-42ce-af14-49493f41a004,a903ebdc-e090-4c96-8ef3-f4d67ffa58d9
45ed5142-071e-4da0-8a2f-e806a078d7fb,eeec72f5-29ac-405f-b263-954a71ac6c72
6cbb759e-a8ca-4714-b4d0-03a4c22a8c77,94fc116b-37ac-4b84-a891-8aefb0df59e6
989b0311-56f6-4694-8e8b-74828c89860f,801affa5-c555-4874-aa07-cd2469e172db
0c2a781a-eb33-46fb-9d6b-3146ef957b09,b336c4f3-e196-4503-a128-b24a9fdbbe98
d90e7896-980e-4520-9a28-482597a66979,c746241b-25fb-4061-9b94-1002dd319ea0
fe947bbe-3fa5-4d4b-9148-f56df6f24e43,090d0e70-43b9-464a-b308-685b8f01ddc9
1c782de8-cdf3-4d08-9594-0d3d7e3c92d7,d723ca1f-f7a7-4b3e-8330-082d8785c507
3d3e7680-c818-4233-8b1b-6014e7c36d4c,a903ebdc-e090-4c96-8ef3-f4d67ffa58d9
93d9061c-0f2d-4145-b73f-1bdb0ba07b6e,eeec72f5-29ac-405f-b263-954a71ac6c72
460de21c-8afd-45c5-84ee-9693f39857e9,c7e4f3b9-6d5d-48a3-a859-4a2164f9577a
1d9358c5-091e-4e69-8dc2-3279e0d5bf1c,94fc116b-37ac-4b84-a891-8aefb0df59e6
6136884a-861c-4a81-a881-bfe4fb124d9e,c746241b-25fb-4061-9b94-1002dd319ea0
a018243f-4e09-4ae0-83c9-ce30c15bab6d,e2f80818-0e3b-4d23-b41e-cb00f0f9ae37
eff073c6-9d40-44e0-84f9-fb9d75801ad3,0fba6d10-eb81-4f81-a44c-8cb496921e47
0412482c-19a7-427f-96ca-c1516529283f,eeec72f5-29ac-405f-b263-954a71ac6c72
a018243f-4e09-4ae0-83c9-ce30c15bab6d,090d0e70-43b9-464a-b308-685b8f01ddc9
4d6f23fd-b2c6-45b0-9a82-c01b65880ce4,4d4ac60d-3825-41bc-af0a-86e521847990
6bb854b9-3cc6-4781-96f3-d8bfd8722a5b,4d4ac60d-3825-41bc-af0a-86e521847990
61d26051-cd43-45d4-b3f4-d031c3d30e43,c7e4f3b9-6d5d-48a3-a859-4a2164f9577a
3ed75b12-060a-4aa7-babb-0dbf01074a96,94fc116b-37ac-4b84-a891-8aefb0df59e6
0a1b1ca8-9e50-4cbd-8f70-ee7f801a58f6,8932fc26-21b1-4386-8abe-f30c7fbc88b5
989b0311-56f6-4694-8e8b-74828c89860f,d47c62d5-d2e5-4f03-96bb-29c7814312db
3d3e7680-c818-4233-8b1b-6014e7c36d4c,c746241b-25fb-4061-9b94-1002dd319ea0
f9f0b9b5-f1bd-4a37-bc5e-e95ebf785ae7,94fc116b-37ac-4b84-a891-8aefb0df59e6
4fb06c4d-f65c-4a0c-9a25-2772a0e335fe,eeec72f5-29ac-405f-b263-954a71ac6c72
6cfb61a6-705f-4edc-8eaa-425b4922a6a4,eeec72f5-29ac-405f-b263-954a71ac6c72
45ed5142-071e-4da0-8a2f-e806a078d7fb,8614abe6-e792-4699-9d7b-95cbf62ca4ff
48779df5-3bf2-40ff-bf1f-fcd88f0f9224,eeec72f5-29ac-405f-b263-954a71ac6c72
9df6207a-8415-49a2-bd53-d5805106826a,0fba6d10-eb81-4f81-a44c-8cb496921e47
939aaa41-ca0c-48b7-b5b9-64bf80695d9f,8932fc26-21b1-4386-8abe-f30c7fbc88b5
f9f0b9b5-f1bd-4a37-bc5e-e95ebf785ae7,8614abe6-e792-4699-9d7b-95cbf62ca4ff
989b0311-56f6-4694-8e8b-74828c89860f,4d4ac60d-3825-41bc-af0a-86e521847990
bc1ab289-73cd-4483-9e25-c8c360515c30,d723ca1f-f7a7-4b3e-8330-082d8785c507
fa1d0b8a-e557-406f-8643-744a5c4c1f0b,9f4b1e0d-7bac-4e21-ac8d-e5b4252c5ebc
5e0f9366-c524-4208-951d-984500584634,d723ca1f-f7a7-4b3e-8330-082d8785c507
800605b7-3e4e-42f9-a4b9-58580df7ab57,eeec72f5-29ac-405f-b263-954a71ac6c72
d4e2ef8f-26f3-489f-afbf-0ddc9ba5818a,090d0e70-43b9-464a-b308-685b8f01ddc9
1efcdeb6-ed47-4e89-9b31-879674a2e61d,4d4ac60d-3825-41bc-af0a-86e521847990
7b2a800b-4315-4999-b5f5-36de480e6b81,eeec72f5-29ac-405f-b263-954a71ac6c72
0f179c06-db72-42ce-af14-49493f41a004,d47c62d5-d2e5-4f03-96bb-29c7814312db
47c257c6-a1c0-4b0f-8af7-7a564350f434,090d0e70-43b9-464a-b308-685b8f01ddc9
610d6f60-5b98-4ca5-b126-f9889b67349d,269139e8-5b07-4b1f-8539-d1159b2a5b60
5e0f9366-c524-4208-951d-984500584634,b336c4f3-e196-4503-a128-b24a9fdbbe98
4dd8f537-27f3-4a55-ada2-23c72c077468,7cb52507-9a79-4d35-a675-7ea2db1d30bf
7b2a800b-4315-4999-b5f5-36de480e6b81,94fc116b-37ac-4b84-a891-8aefb0df59e6
68303753-e1e4-42d3-8f2a-e1ff43b12f49,0fba6d10-eb81-4f81-a44c-8cb496921e47
61d26051-cd43-45d4-b3f4-d031c3d30e43,7cb52507-9a79-4d35-a675-7ea2db1d30bf
4d6f23fd-b2c6-45b0-9a82-c01b65880ce4,e2f80818-0e3b-4d23-b41e-cb00f0f9ae37
c0c02418-ddfc-489e-94dc-4ee01b0bf23d,269139e8-5b07-4b1f-8539-d1159b2a5b60
babb1ee8-0a4c-407e-b57e-1a0a1a74a86e,9f4b1e0d-7bac-4e21-ac8d-e5b4252c5ebc
e5054ed5-7f43-4a43-a862-26b679004735,a903ebdc-e090-4c96-8ef3-f4d67ffa58d9
3cd0defc-6aa3-4b76-9d3d-498fdc2c6e74,d47c62d5-d2e5-4f03-96bb-29c7814312db
682d794e-b749-4a4f-ac4e-47c9baf22d7c,090d0e70-43b9-464a-b308-685b8f01ddc9
6bb854b9-3cc6-4781-96f3-d8bfd8722a5b,c746241b-25fb-4061-9b94-1002dd319ea0
a0a52e2f-93ba-4aa2-9fec-383cca12b35a,8614abe6-e792-4699-9d7b-95cbf62ca4ff
1ee79806-5b2e-4d1f-b4a9-6df5e51cba92,e5f2a46f-3268-4b31-a3e9-6c7b690e76c0
610d6f60-5b98-4ca5-b126-f9889b67349d,e2f80818-0e3b-4d23-b41e-cb00f0f9ae37
a8dffd88-962d-4663-9608-1003edf8e3a3,b336c4f3-e196-4503-a128-b24a9fdbbe98
141ef7fc-a54a-4b21-bca9-1814d175b2ac,042c817a-b186-438d-b494-1869aa39e410
2211b228-48ab-445a-a9cb-f52887c9aa53,eeec72f5-29ac-405f-b263-954a71ac6c72
1db66349-1f13-4b1d-8675-7366c985b628,a903ebdc-e090-4c96-8ef3-f4d67ffa58d9
68303753-e1e4-42d3-8f2a-e1ff43b12f49,c7e4f3b9-6d5d-48a3-a859-4a2164f9577a
fa1d0b8a-e557-406f-8643-744a5c4c1f0b,c7e4f3b9-6d5d-48a3-a859-4a2164f9577a
8d23af74-0250-460b-be2c-03533fa94693,c7e4f3b9-6d5d-48a3-a859-4a2164f9577a
800605b7-3e4e-42f9-a4b9-58580df7ab57,d723ca1f-f7a7-4b3e-8330-082d8785c507
3cd0defc-6aa3-4b76-9d3d-498fdc2c6e74,b336c4f3-e196-4503-a128-b24a9fdbbe98
b772a92a-56e4-4c33-818d-00113ae14f39,d723ca1f-f7a7-4b3e-8330-082d8785c507
4f42ae4a-852c-44c4-afb5-2c58895bc2b9,d47c62d5-d2e5-4f03-96bb-29c7814312db
1d9358c5-091e-4e69-8dc2-3279e0d5bf1c,d723ca1f-f7a7-4b3e-8330-082d8785c507
f9f0b9b5-f1bd-4a37-bc5e-e95ebf785ae7,8932fc26-21b1-4386-8abe-f30c7fbc88b5
989b0311-56f6-4694-8e8b-74828c89860f,8932fc26-21b1-4386-8abe-f30c7fbc88b5
4d6f23fd-b2c6-45b0-9a82-c01b65880ce4,c746241b-25fb-4061-9b94-1002dd319ea0
800605b7-3e4e-42f9-a4b9-58580df7ab57,c7e4f3b9-6d5d-48a3-a859-4a2164f9577a
59560743-e515-4202-9aca-83959f7d7a12,8614abe6-e792-4699-9d7b-95cbf62ca4ff
2211b228-48ab-445a-a9cb-f52887c9aa53,e5f2a46f-3268-4b31-a3e9-6c7b690e76c0
48779df5-3bf2-40ff-bf1f-fcd88f0f9224,d723ca1f-f7a7-4b3e-8330-082d8785c507
fa1d0b8a-e557-406f-8643-744a5c4c1f0b,4d4ac60d-3825-41bc-af0a-86e521847990
fd55459e-b0bb-489d-a8d2-7e68ca70c091,8614abe6-e792-4699-9d7b-95cbf62ca4ff
4d6f23fd-b2c6-45b0-9a82-c01b65880ce4,0fba6d10-eb81-4f81-a44c-8cb496921e47
7af672be-bd05-438c-86da-1161a275a474,c746241b-25fb-4061-9b94-1002dd319ea0
c94993fa-7e17-48f9-a8c5-379f19f2905b,9f4b1e0d-7bac-4e21-ac8d-e5b4252c5ebc
d43a1ad2-a1f8-4562-8126-c0672898e935,94fc116b-37ac-4b84-a891-8aefb0df59e6
737a43e8-c389-4cf2-9ee7-ba2182b5606c,e2f80818-0e3b-4d23-b41e-cb00f0f9ae37
eb7c07c3-985d-4585-a74a-98113ef1893d,9f4b1e0d-7bac-4e21-ac8d-e5b4252c5ebc
fe947bbe-3fa5-4d4b-9148-f56df6f24e43,d723ca1f-f7a7-4b3e-8330-082d8785c507
a0a52e2f-93ba-4aa2-9fec-383cca12b35a,0fba6d10-eb81-4f81-a44c-8cb496921e47
7af672be-bd05-438c-86da-1161a275a474,269139e8-5b07-4b1f-8539-d1159b2a5b60
e78805fb-a12a-4cd6-8add-8ab6177037b2,7cb52507-9a79-4d35-a675-7ea2db1d30bf
0f179c06-db72-42ce-af14-49493f41a004,eeec72f5-29ac-405f-b263-954a71ac6c72
e78805fb-a12a-4cd6-8add-8ab6177037b2,8614abe6-e792-4699-9d7b-95cbf62ca4ff
6136884a-861c-4a81-a881-bfe4fb124d9e,8614abe6-e792-4699-9d7b-95cbf62ca4ff
5e0f9366-c524-4208-951d-984500584634,94fc116b-37ac-4b84-a891-8aefb0df59e6
3b4e24a2-dfee-436e-9e44-e54171f6acde,042c817a-b186-438d-b494-1869aa39e410
22194c1e-eeeb-402c-b100-aaf357ce3d18,c746241b-25fb-4061-9b94-1002dd319ea0
1ee79806-5b2e-4d1f-b4a9-6df5e51cba92,94fc116b-37ac-4b84-a891-8aefb0df59e6
7af672be-bd05-438c-86da-1161a275a474,801affa5-c555-4874-aa07-cd2469e172db
2211b228-48ab-445a-a9cb-f52887c9aa53,090d0e70-43b9-464a-b308-685b8f01ddc9
141ef7fc-a54a-4b21-bca9-1814d175b2ac,a903ebdc-e090-4c96-8ef3-f4d67ffa58d9
45ed5142-071e-4da0-8a2f-e806a078d7fb,042c817a-b186-438d-b494-1869aa39e410
04cee8a0-1e87-41e0-a82b-857ad8b7fcff,eeec72f5-29ac-405f-b263-954a71ac6c72
590827da-c4b7-414b-ae0a-1d8c58313d51,94fc116b-37ac-4b84-a891-8aefb0df59e6
8d23af74-0250-460b-be2c-03533fa94693,269139e8-5b07-4b1f-8539-d1159b2a5b60
ee8a801c-e791-4c9b-8d11-8d66095ebaea,0fba6d10-eb81-4f81-a44c-8cb496921e47
4f42ae4a-852c-44c4-afb5-2c58895bc2b9,7cb52507-9a79-4d35-a675-7ea2db1d30bf
ddd108b9-f2fe-4476-a9ab-1896b2acbdda,042c817a-b186-438d-b494-1869aa39e410
bc1ab289-73cd-4483-9e25-c8c360515c30,269139e8-5b07-4b1f-8539-d1159b2a5b60
4d6f23fd-b2c6-45b0-9a82-c01b65880ce4,7cb52507-9a79-4d35-a675-7ea2db1d30bf
8d23af74-0250-460b-be2c-03533fa94693,7cb52507-9a79-4d35-a675-7ea2db1d30bf
eff073c6-9d40-44e0-84f9-fb9d75801ad3,4d4ac60d-3825-41bc-af0a-86e521847990
22194c1e-eeeb-402c-b100-aaf357ce3d18,7cb52507-9a79-4d35-a675-7ea2db1d30bf
f280af32-c46d-4231-9b48-7b557bcdac24,94fc116b-37ac-4b84-a891-8aefb0df59e6
7af672be-bd05-438c-86da-1161a275a474,090d0e70-43b9-464a-b308-685b8f01ddc9
fe3d11b0-2ad8-4f4c-9ee1-11b637afe104,0fba6d10-eb81-4f81-a44c-8cb496921e47
1316ba84-5eed-4336-a6a0-4d956685c2fb,8932fc26-21b1-4386-8abe-f30c7fbc88b5
c0c02418-ddfc-489e-94dc-4ee01b0bf23d,94fc116b-37ac-4b84-a891-8aefb0df59e6
d4e2ef8f-26f3-489f-afbf-0ddc9ba5818a,9f4b1e0d-7bac-4e21-ac8d-e5b4252c5ebc
babb1ee8-0a4c-407e-b57e-1a0a1a74a86e,eeec72f5-29ac-405f-b263-954a71ac6c72
8a85b7f4-9098-4dd1-8560-47d845314202,c746241b-25fb-4061-9b94-1002dd319ea0
922112dc-3b84-49ac-969f-8afe6282c252,0fba6d10-eb81-4f81-a44c-8cb496921e47
4d6f23fd-b2c6-45b0-9a82-c01b65880ce4,042c817a-b186-438d-b494-1869aa39e410
0412482c-19a7-427f-96ca-c1516529283f,94fc116b-37ac-4b84-a891-8aefb0df59e6
7af672be-bd05-438c-86da-1161a275a474,d723ca1f-f7a7-4b3e-8330-082d8785c507
737a43e8-c389-4cf2-9ee7-ba2182b5606c,b336c4f3-e196-4503-a128-b24a9fdbbe98
48779df5-3bf2-40ff-bf1f-fcd88f0f9224,042c817a-b186-438d-b494-1869aa39e410
7b2a800b-4315-4999-b5f5-36de480e6b81,d723ca1f-f7a7-4b3e-8330-082d8785c507
460de21c-8afd-45c5-84ee-9693f39857e9,8932fc26-21b1-4386-8abe-f30c7fbc88b5
3ed75b12-060a-4aa7-babb-0dbf01074a96,042c817a-b186-438d-b494-1869aa39e410
141ef7fc-a54a-4b21-bca9-1814d175b2ac,090d0e70-43b9-464a-b308-685b8f01ddc9
0c2a781a-eb33-46fb-9d6b-3146ef957b09,e2f80818-0e3b-4d23-b41e-cb00f0f9ae37
6cfb61a6-705f-4edc-8eaa-425b4922a6a4,801affa5-c555-4874-aa07-cd2469e172db
f8182832-a457-4868-a892-c84ed30b8ef8,8614abe6-e792-4699-9d7b-95cbf62ca4ff
460de21c-8afd-45c5-84ee-9693f39857e9,a903ebdc-e090-4c96-8ef3-f4d67ffa58d9
800605b7-3e4e-42f9-a4b9-58580df7ab57,b336c4f3-e196-4503-a128-b24a9fdbbe98
c940e6aa-785c-4840-be1e-de11597c4ebc,0fba6d10-eb81-4f81-a44c-8cb496921e47
3ed75b12-060a-4aa7-babb-0dbf01074a96,e5f2a46f-3268-4b31-a3e9-6c7b690e76c0
6136884a-861c-4a81-a881-bfe4fb124d9e,4d4ac60d-3825-41bc-af0a-86e521847990
800605b7-3e4e-42f9-a4b9-58580df7ab57,9f4b1e0d-7bac-4e21-ac8d-e5b4252c5ebc
939aaa41-ca0c-48b7-b5b9-64bf80695d9f,801affa5-c555-4874-aa07-cd2469e172db
fe3d11b0-2ad8-4f4c-9ee1-11b637afe104,090d0e70-43b9-464a-b308-685b8f01ddc9
fe3d11b0-2ad8-4f4c-9ee1-11b637afe104,a903ebdc-e090-4c96-8ef3-f4d67ffa58d9
eb7c07c3-985d-4585-a74a-98113ef1893d,c7e4f3b9-6d5d-48a3-a859-4a2164f9577a
5e0f9366-c524-4208-951d-984500584634,8614abe6-e792-4699-9d7b-95cbf62ca4ff
c94993fa-7e17-48f9-a8c5-379f19f2905b,d47c62d5-d2e5-4f03-96bb-29c7814312db
6bb854b9-3cc6-4781-96f3-d8bfd8722a5b,9f4b1e0d-7bac-4e21-ac8d-e5b4252c5ebc
0412482c-19a7-427f-96ca-c1516529283f,269139e8-5b07-4b1f-8539-d1159b2a5b60
7af672be-bd05-438c-86da-1161a275a474,a903ebdc-e090-4c96-8ef3-f4d67ffa58d9
61dc7d4b-fd52-45ec-bf1f-8dc6c655cb4e,a903ebdc-e090-4c96-8ef3-f4d67ffa58d9
c0c02418-ddfc-489e-94dc-4ee01b0bf23d,d723ca1f-f7a7-4b3e-8330-082d8785c507
737a43e8-c389-4cf2-9ee7-ba2182b5606c,8932fc26-21b1-4386-8abe-f30c7fbc88b5
c405e063-65a1-4e7b-8ef1-51d579f93fbd,269139e8-5b07-4b1f-8539-d1159b2a5b60
fd55459e-b0bb-489d-a8d2-7e68ca70c091,0fba6d10-eb81-4f81-a44c-8cb496921e47
9acf1c43-cc06-41e2-aa81-f7edfd270b4b,e2f80818-0e3b-4d23-b41e-cb00f0f9ae37
1316ba84-5eed-4336-a6a0-4d956685c2fb,eeec72f5-29ac-405f-b263-954a71ac6c72
9acf1c43-cc06-41e2-aa81-f7edfd270b4b,e5f2a46f-3268-4b31-a3e9-6c7b690e76c0
eff073c6-9d40-44e0-84f9-fb9d75801ad3,a903ebdc-e090-4c96-8ef3-f4d67ffa58d9
18bc5039-2f31-440b-9314-d38784c191eb,9f4b1e0d-7bac-4e21-ac8d-e5b4252c5ebc
c0c02418-ddfc-489e-94dc-4ee01b0bf23d,e5f2a46f-3268-4b31-a3e9-6c7b690e76c0
d90e7896-980e-4520-9a28-482597a66979,4d4ac60d-3825-41bc-af0a-86e521847990
9acf1c43-cc06-41e2-aa81-f7edfd270b4b,042c817a-b186-438d-b494-1869aa39e410
61dc7d4b-fd52-45ec-bf1f-8dc6c655cb4e,d723ca1f-f7a7-4b3e-8330-082d8785c507
1efcdeb6-ed47-4e89-9b31-879674a2e61d,801affa5-c555-4874-aa07-cd2469e172db
41c998a7-e366-4a11-a78a-b5c811315f8f,8932fc26-21b1-4386-8abe-f30c7fbc88b5
c0c02418-ddfc-489e-94dc-4ee01b0bf23d,d47c62d5-d2e5-4f03-96bb-29c7814312db
45ed5142-071e-4da0-8a2f-e806a078d7fb,b336c4f3-e196-4503-a128-b24a9fdbbe98
3ed75b12-060a-4aa7-babb-0dbf01074a96,090d0e70-43b9-464a-b308-685b8f01ddc9
d43a1ad2-a1f8-4562-8126-c0672898e935,a903ebdc-e090-4c96-8ef3-f4d67ffa58d9
47c257c6-a1c0-4b0f-8af7-7a564350f434,eeec72f5-29ac-405f-b263-954a71ac6c72
1c782de8-cdf3-4d08-9594-0d3d7e3c92d7,94fc116b-37ac-4b84-a891-8aefb0df59e6
41c998a7-e366-4a11-a78a-b5c811315f8f,a903ebdc-e090-4c96-8ef3-f4d67ffa58d9
18bc5039-2f31-440b-9314-d38784c191eb,eeec72f5-29ac-405f-b263-954a71ac6c72
3d3e7680-c818-4233-8b1b-6014e7c36d4c,b336c4f3-e196-4503-a128-b24a9fdbbe98
22194c1e-eeeb-402c-b100-aaf357ce3d18,801affa5-c555-4874-aa07-cd2469e172db
141ef7fc-a54a-4b21-bca9-1814d175b2ac,d47c62d5-d2e5-4f03-96bb-29c7814312db
18bc5039-2f31-440b-9314-d38784c191eb,090d0e70-43b9-464a-b308-685b8f01ddc9
48779df5-3bf2-40ff-bf1f-fcd88f0f9224,94fc116b-37ac-4b84-a891-8aefb0df59e6
feac4131-b0a4-4940-8840-134d60fed92a,e2f80818-0e3b-4d23-b41e-cb00f0f9ae37
7af672be-bd05-438c-86da-1161a275a474,8932fc26-21b1-4386-8abe-f30c7fbc88b5
9df6207a-8415-49a2-bd53-d5805106826a,042c817a-b186-438d-b494-1869aa39e410
7279414f-23d7-4e71-aa65-c3f27594f04a,e2f80818-0e3b-4d23-b41e-cb00f0f9ae37
fe3d11b0-2ad8-4f4c-9ee1-11b637afe104,b336c4f3-e196-4503-a128-b24a9fdbbe98
c94993fa-7e17-48f9-a8c5-379f19f2905b,d723ca1f-f7a7-4b3e-8330-082d8785c507
800605b7-3e4e-42f9-a4b9-58580df7ab57,269139e8-5b07-4b1f-8539-d1159b2a5b60
c586ac54-5c72-4db2-b5ef-fb1aa192e954,eeec72f5-29ac-405f-b263-954a71ac6c72
0c2a781a-eb33-46fb-9d6b-3146ef957b09,d723ca1f-f7a7-4b3e-8330-082d8785c507
989b0311-56f6-4694-8e8b-74828c89860f,0fba6d10-eb81-4f81-a44c-8cb496921e47
0a1b1ca8-9e50-4cbd-8f70-ee7f801a58f6,4d4ac60d-3825-41bc-af0a-86e521847990
610d6f60-5b98-4ca5-b126-f9889b67349d,d723ca1f-f7a7-4b3e-8330-082d8785c507
0c2a781a-eb33-46fb-9d6b-3146ef957b09,7cb52507-9a79-4d35-a675-7ea2db1d30bf
989b0311-56f6-4694-8e8b-74828c89860f,c7e4f3b9-6d5d-48a3-a859-4a2164f9577a
93d9061c-0f2d-4145-b73f-1bdb0ba07b6e,d723ca1f-f7a7-4b3e-8330-082d8785c507
1316ba84-5eed-4336-a6a0-4d956685c2fb,8614abe6-e792-4699-9d7b-95cbf62ca4ff
0c2a781a-eb33-46fb-9d6b-3146ef957b09,94fc116b-37ac-4b84-a891-8aefb0df59e6
1d9358c5-091e-4e69-8dc2-3279e0d5bf1c,7cb52507-9a79-4d35-a675-7ea2db1d30bf
9df6207a-8415-49a2-bd53-d5805106826a,a903ebdc-e090-4c96-8ef3-f4d67ffa58d9
460de21c-8afd-45c5-84ee-9693f39857e9,8614abe6-e792-4699-9d7b-95cbf62ca4ff
efb16bae-a92c-44fb-bff3-48b0559f879e,b336c4f3-e196-4503-a128-b24a9fdbbe98
c940e6aa-785c-4840-be1e-de11597c4ebc,7cb52507-9a79-4d35-a675-7ea2db1d30bf
6136884a-861c-4a81-a881-bfe4fb124d9e,a903ebdc-e090-4c96-8ef3-f4d67ffa58d9
4d6f23fd-b2c6-45b0-9a82-c01b65880ce4,eeec72f5-29ac-405f-b263-954a71ac6c72
82333563-dfe5-4bc8-9559-07eedc3d32fd,090d0e70-43b9-464a-b308-685b8f01ddc9
bc1ab289-73cd-4483-9e25-c8c360515c30,8614abe6-e792-4699-9d7b-95cbf62ca4ff
9acf1c43-cc06-41e2-aa81-f7edfd270b4b,4d4ac60d-3825-41bc-af0a-86e521847990
9acf1c43-cc06-41e2-aa81-f7edfd270b4b,94fc116b-37ac-4b84-a891-8aefb0df59e6
5e026f1c-9e20-44a3-b433-7e7947974e21,c7e4f3b9-6d5d-48a3-a859-4a2164f9577a
c0c02418-ddfc-489e-94dc-4ee01b0bf23d,8932fc26-21b1-4386-8abe-f30c7fbc88b5
f9f0b9b5-f1bd-4a37-bc5e-e95ebf785ae7,7cb52507-9a79-4d35-a675-7ea2db1d30bf
c0c02418-ddfc-489e-94dc-4ee01b0bf23d,e2f80818-0e3b-4d23-b41e-cb00f0f9ae37
47c257c6-a1c0-4b0f-8af7-7a564350f434,e2f80818-0e3b-4d23-b41e-cb00f0f9ae37
a018243f-4e09-4ae0-83c9-ce30c15bab6d,d47c62d5-d2e5-4f03-96bb-29c7814312db
3b4e24a2-dfee-436e-9e44-e54171f6acde,801affa5-c555-4874-aa07-cd2469e172db
41c998a7-e366-4a11-a78a-b5c811315f8f,7cb52507-9a79-4d35-a675-7ea2db1d30bf
b4d11d04-02be-4f93-80ad-d0463a23b788,9f4b1e0d-7bac-4e21-ac8d-e5b4252c5ebc
04cee8a0-1e87-41e0-a82b-857ad8b7fcff,7cb52507-9a79-4d35-a675-7ea2db1d30bf
45ed5142-071e-4da0-8a2f-e806a078d7fb,94fc116b-37ac-4b84-a891-8aefb0df59e6
b5337e9d-b0d1-4ef1-9e21-808fce5b1668,94fc116b-37ac-4b84-a891-8aefb0df59e6
41c998a7-e366-4a11-a78a-b5c811315f8f,c7e4f3b9-6d5d-48a3-a859-4a2164f9577a
59560743-e515-4202-9aca-83959f7d7a12,94fc116b-37ac-4b84-a891-8aefb0df59e6
6bcc82b2-ff1f-448e-b251-d7a34f054185,9f4b1e0d-7bac-4e21-ac8d-e5b4252c5ebc
1d9358c5-091e-4e69-8dc2-3279e0d5bf1c,c7e4f3b9-6d5d-48a3-a859-4a2164f9577a
939aaa41-ca0c-48b7-b5b9-64bf80695d9f,a903ebdc-e090-4c96-8ef3-f4d67ffa58d9
4e58be5a-f261-472f-b1d6-f5ea203dc710,4d4ac60d-3825-41bc-af0a-86e521847990
2211b228-48ab-445a-a9cb-f52887c9aa53,b336c4f3-e196-4503-a128-b24a9fdbbe98
4f42ae4a-852c-44c4-afb5-2c58895bc2b9,b336c4f3-e196-4503-a128-b24a9fdbbe98
3cd0defc-6aa3-4b76-9d3d-498fdc2c6e74,4d4ac60d-3825-41bc-af0a-86e521847990
5e026f1c-9e20-44a3-b433-7e7947974e21,a903ebdc-e090-4c96-8ef3-f4d67ffa58d9
97dc512e-2b16-45cd-80ef-36aa8ddcd27c,042c817a-b186-438d-b494-1869aa39e410
fd55459e-b0bb-489d-a8d2-7e68ca70c091,c7e4f3b9-6d5d-48a3-a859-4a2164f9577a
6cfb61a6-705f-4edc-8eaa-425b4922a6a4,4d4ac60d-3825-41bc-af0a-86e521847990
1316ba84-5eed-4336-a6a0-4d956685c2fb,e2f80818-0e3b-4d23-b41e-cb00f0f9ae37
d4e2ef8f-26f3-489f-afbf-0ddc9ba5818a,8932fc26-21b1-4386-8abe-f30c7fbc88b5
3cd0defc-6aa3-4b76-9d3d-498fdc2c6e74,c7e4f3b9-6d5d-48a3-a859-4a2164f9577a
4e58be5a-f261-472f-b1d6-f5ea203dc710,e5f2a46f-3268-4b31-a3e9-6c7b690e76c0
61d26051-cd43-45d4-b3f4-d031c3d30e43,a903ebdc-e090-4c96-8ef3-f4d67ffa58d9
59560743-e515-4202-9aca-83959f7d7a12,b336c4f3-e196-4503-a128-b24a9fdbbe98
c94993fa-7e17-48f9-a8c5-379f19f2905b,090d0e70-43b9-464a-b308-685b8f01ddc9
eff073c6-9d40-44e0-84f9-fb9d75801ad3,b336c4f3-e196-4503-a128-b24a9fdbbe98
18bc5039-2f31-440b-9314-d38784c191eb,8932fc26-21b1-4386-8abe-f30c7fbc88b5
f309ef30-596c-47bf-b0a6-628922d40acb,042c817a-b186-438d-b494-1869aa39e410
a5475f50-351d-41db-a528-e4a214e43a52,269139e8-5b07-4b1f-8539-d1159b2a5b60
61dc7d4b-fd52-45ec-bf1f-8dc6c655cb4e,e5f2a46f-3268-4b31-a3e9-6c7b690e76c0
4e58be5a-f261-472f-b1d6-f5ea203dc710,7cb52507-9a79-4d35-a675-7ea2db1d30bf
45ed5142-071e-4da0-8a2f-e806a078d7fb,801affa5-c555-4874-aa07-cd2469e172db
460de21c-8afd-45c5-84ee-9693f39857e9,269139e8-5b07-4b1f-8539-d1159b2a5b60
c0c02418-ddfc-489e-94dc-4ee01b0bf23d,0fba6d10-eb81-4f81-a44c-8cb496921e47
d90e7896-980e-4520-9a28-482597a66979,d47c62d5-d2e5-4f03-96bb-29c7814312db
0a1b1ca8-9e50-4cbd-8f70-ee7f801a58f6,8614abe6-e792-4699-9d7b-95cbf62ca4ff
1c782de8-cdf3-4d08-9594-0d3d7e3c92d7,c7e4f3b9-6d5d-48a3-a859-4a2164f9577a
4fb06c4d-f65c-4a0c-9a25-2772a0e335fe,d723ca1f-f7a7-4b3e-8330-082d8785c507
fd55459e-b0bb-489d-a8d2-7e68ca70c091,d723ca1f-f7a7-4b3e-8330-082d8785c507
d4e2ef8f-26f3-489f-afbf-0ddc9ba5818a,94fc116b-37ac-4b84-a891-8aefb0df59e6
47c257c6-a1c0-4b0f-8af7-7a564350f434,d723ca1f-f7a7-4b3e-8330-082d8785c507
737a43e8-c389-4cf2-9ee7-ba2182b5606c,090d0e70-43b9-464a-b308-685b8f01ddc9
f697a6ef-64b4-4ef6-bbed-552745a5c086,042c817a-b186-438d-b494-1869aa39e410
7af672be-bd05-438c-86da-1161a275a474,9f4b1e0d-7bac-4e21-ac8d-e5b4252c5ebc
21f3d375-c9e4-4d10-aa32-ec32f4486632,801affa5-c555-4874-aa07-cd2469e172db
48779df5-3bf2-40ff-bf1f-fcd88f0f9224,269139e8-5b07-4b1f-8539-d1159b2a5b60
5e5d7294-c71f-4bf0-8945-fb094f038355,0fba6d10-eb81-4f81-a44c-8cb496921e47
a8dffd88-962d-4663-9608-1003edf8e3a3,94fc116b-37ac-4b84-a891-8aefb0df59e6
d90e7896-980e-4520-9a28-482597a66979,042c817a-b186-438d-b494-1869aa39e410
0412482c-19a7-427f-96ca-c1516529283f,8614abe6-e792-4699-9d7b-95cbf62ca4ff
4e58be5a-f261-472f-b1d6-f5ea203dc710,9f4b1e0d-7bac-4e21-ac8d-e5b4252c5ebc
bc1ab289-73cd-4483-9e25-c8c360515c30,e2f80818-0e3b-4d23-b41e-cb00f0f9ae37
5e0f9366-c524-4208-951d-984500584634,269139e8-5b07-4b1f-8539-d1159b2a5b60
04cee8a0-1e87-41e0-a82b-857ad8b7fcff,8614abe6-e792-4699-9d7b-95cbf62ca4ff
6cfb61a6-705f-4edc-8eaa-425b4922a6a4,090d0e70-43b9-464a-b308-685b8f01ddc9
ddd108b9-f2fe-4476-a9ab-1896b2acbdda,d723ca1f-f7a7-4b3e-8330-082d8785c507
737a43e8-c389-4cf2-9ee7-ba2182b5606c,a903ebdc-e090-4c96-8ef3-f4d67ffa58d9
22194c1e-eeeb-402c-b100-aaf357ce3d18,d723ca1f-f7a7-4b3e-8330-082d8785c507
6cfb61a6-705f-4edc-8eaa-425b4922a6a4,d47c62d5-d2e5-4f03-96bb-29c7814312db
93d9061c-0f2d-4145-b73f-1bdb0ba07b6e,8614abe6-e792-4699-9d7b-95cbf62ca4ff
9df6207a-8415-49a2-bd53-d5805106826a,c746241b-25fb-4061-9b94-1002dd319ea0
babb1ee8-0a4c-407e-b57e-1a0a1a74a86e,94fc116b-37ac-4b84-a891-8aefb0df59e6
c405e063-65a1-4e7b-8ef1-51d579f93fbd,a903ebdc-e090-4c96-8ef3-f4d67ffa58d9
1316ba84-5eed-4336-a6a0-4d956685c2fb,9f4b1e0d-7bac-4e21-ac8d-e5b4252c5ebc
682d794e-b749-4a4f-ac4e-47c9baf22d7c,c7e4f3b9-6d5d-48a3-a859-4a2164f9577a
4fb06c4d-f65c-4a0c-9a25-2772a0e335fe,090d0e70-43b9-464a-b308-685b8f01ddc9
590827da-c4b7-414b-ae0a-1d8c58313d51,090d0e70-43b9-464a-b308-685b8f01ddc9
590827da-c4b7-414b-ae0a-1d8c58313d51,c746241b-25fb-4061-9b94-1002dd319ea0
e78805fb-a12a-4cd6-8add-8ab6177037b2,d723ca1f-f7a7-4b3e-8330-082d8785c507
d43a1ad2-a1f8-4562-8126-c0672898e935,c746241b-25fb-4061-9b94-1002dd319ea0
2211b228-48ab-445a-a9cb-f52887c9aa53,8932fc26-21b1-4386-8abe-f30c7fbc88b5
3d3e7680-c818-4233-8b1b-6014e7c36d4c,e5f2a46f-3268-4b31-a3e9-6c7b690e76c0
1efcdeb6-ed47-4e89-9b31-879674a2e61d,e2f80818-0e3b-4d23-b41e-cb00f0f9ae37
efb16bae-a92c-44fb-bff3-48b0559f879e,801affa5-c555-4874-aa07-cd2469e172db
8a85b7f4-9098-4dd1-8560-47d845314202,090d0e70-43b9-464a-b308-685b8f01ddc9
5e0f9366-c524-4208-951d-984500584634,7cb52507-9a79-4d35-a675-7ea2db1d30bf
0c2a781a-eb33-46fb-9d6b-3146ef957b09,4d4ac60d-3825-41bc-af0a-86e521847990
b772a92a-56e4-4c33-818d-00113ae14f39,c746241b-25fb-4061-9b94-1002dd319ea0
8d23af74-0250-460b-be2c-03533fa94693,d723ca1f-f7a7-4b3e-8330-082d8785c507
c0c02418-ddfc-489e-94dc-4ee01b0bf23d,9f4b1e0d-7bac-4e21-ac8d-e5b4252c5ebc
82333563-dfe5-4bc8-9559-07eedc3d32fd,e5f2a46f-3268-4b31-a3e9-6c7b690e76c0
8a85b7f4-9098-4dd1-8560-47d845314202,8932fc26-21b1-4386-8abe-f30c7fbc88b5
68303753-e1e4-42d3-8f2a-e1ff43b12f49,9f4b1e0d-7bac-4e21-ac8d-e5b4252c5ebc
fd2dd2b8-e836-4885-b8d9-f0e1ee4eb699,b336c4f3-e196-4503-a128-b24a9fdbbe98
a0a52e2f-93ba-4aa2-9fec-383cca12b35a,8932fc26-21b1-4386-8abe-f30c7fbc88b5
18bc5039-2f31-440b-9314-d38784c191eb,c746241b-25fb-4061-9b94-1002dd319ea0
eb7c07c3-985d-4585-a74a-98113ef1893d,d723ca1f-f7a7-4b3e-8330-082d8785c507
5e0f9366-c524-4208-951d-984500584634,8932fc26-21b1-4386-8abe-f30c7fbc88b5
7b2a800b-4315-4999-b5f5-36de480e6b81,a903ebdc-e090-4c96-8ef3-f4d67ffa58d9
590827da-c4b7-414b-ae0a-1d8c58313d51,8932fc26-21b1-4386-8abe-f30c7fbc88b5
6bb854b9-3cc6-4781-96f3-d8bfd8722a5b,d47c62d5-d2e5-4f03-96bb-29c7814312db
0412482c-19a7-427f-96ca-c1516529283f,d47c62d5-d2e5-4f03-96bb-29c7814312db
5e0f9366-c524-4208-951d-984500584634,801affa5-c555-4874-aa07-cd2469e172db
1efcdeb6-ed47-4e89-9b31-879674a2e61d,9f4b1e0d-7bac-4e21-ac8d-e5b4252c5ebc
efb16bae-a92c-44fb-bff3-48b0559f879e,8614abe6-e792-4699-9d7b-95cbf62ca4ff
7c63c898-2c70-4637-825d-9e874692ff0c,4d4ac60d-3825-41bc-af0a-86e521847990
9acf1c43-cc06-41e2-aa81-f7edfd270b4b,9f4b1e0d-7bac-4e21-ac8d-e5b4252c5ebc
1db66349-1f13-4b1d-8675-7366c985b628,9f4b1e0d-7bac-4e21-ac8d-e5b4252c5ebc
6cbb759e-a8ca-4714-b4d0-03a4c22a8c77,090d0e70-43b9-464a-b308-685b8f01ddc9
3d3e7680-c818-4233-8b1b-6014e7c36d4c,801affa5-c555-4874-aa07-cd2469e172db
3d3e7680-c818-4233-8b1b-6014e7c36d4c,d47c62d5-d2e5-4f03-96bb-29c7814312db
feac4131-b0a4-4940-8840-134d60fed92a,d47c62d5-d2e5-4f03-96bb-29c7814312db
b772a92a-56e4-4c33-818d-00113ae14f39,a903ebdc-e090-4c96-8ef3-f4d67ffa58d9
45ed5142-071e-4da0-8a2f-e806a078d7fb,0fba6d10-eb81-4f81-a44c-8cb496921e47
fd2dd2b8-e836-4885-b8d9-f0e1ee4eb699,7cb52507-9a79-4d35-a675-7ea2db1d30bf
e5054ed5-7f43-4a43-a862-26b679004735,d47c62d5-d2e5-4f03-96bb-29c7814312db
6bb854b9-3cc6-4781-96f3-d8bfd8722a5b,e2f80818-0e3b-4d23-b41e-cb00f0f9ae37
bc1ab289-73cd-4483-9e25-c8c360515c30,4d4ac60d-3825-41bc-af0a-86e521847990
6bcc82b2-ff1f-448e-b251-d7a34f054185,8614abe6-e792-4699-9d7b-95cbf62ca4ff
fd55459e-b0bb-489d-a8d2-7e68ca70c091,8932fc26-21b1-4386-8abe-f30c7fbc88b5
61dc7d4b-fd52-45ec-bf1f-8dc6c655cb4e,8614abe6-e792-4699-9d7b-95cbf62ca4ff
59560743-e515-4202-9aca-83959f7d7a12,269139e8-5b07-4b1f-8539-d1159b2a5b60
04cee8a0-1e87-41e0-a82b-857ad8b7fcff,c7e4f3b9-6d5d-48a3-a859-4a2164f9577a
460de21c-8afd-45c5-84ee-9693f39857e9,090d0e70-43b9-464a-b308-685b8f01ddc9
1c782de8-cdf3-4d08-9594-0d3d7e3c92d7,eeec72f5-29ac-405f-b263-954a71ac6c72
6136884a-861c-4a81-a881-bfe4fb124d9e,e5f2a46f-3268-4b31-a3e9-6c7b690e76c0
fe3d11b0-2ad8-4f4c-9ee1-11b637afe104,c7e4f3b9-6d5d-48a3-a859-4a2164f9577a
3ed75b12-060a-4aa7-babb-0dbf01074a96,b336c4f3-e196-4503-a128-b24a9fdbbe98
c0c02418-ddfc-489e-94dc-4ee01b0bf23d,7cb52507-9a79-4d35-a675-7ea2db1d30bf
c586ac54-5c72-4db2-b5ef-fb1aa192e954,c7e4f3b9-6d5d-48a3-a859-4a2164f9577a
a8dffd88-962d-4663-9608-1003edf8e3a3,4d4ac60d-3825-41bc-af0a-86e521847990
3cd0defc-6aa3-4b76-9d3d-498fdc2c6e74,0fba6d10-eb81-4f81-a44c-8cb496921e47
93d9061c-0f2d-4145-b73f-1bdb0ba07b6e,042c817a-b186-438d-b494-1869aa39e410
863fe2c5-7cbf-4914-b6ec-42e22fd6b0c3,94fc116b-37ac-4b84-a891-8aefb0df59e6
141ef7fc-a54a-4b21-bca9-1814d175b2ac,4d4ac60d-3825-41bc-af0a-86e521847990
