UserID,PostID
eb7c07c3-985d-4585-a74a-98113ef1893d,269139e8-5b07-4b1f-8539-d1159b2a5b60
6bcc82b2-ff1f-448e-b251-d7a34f054185,d47c62d5-d2e5-4f03-96bb-29c7814312db
590827da-c4b7-414b-ae0a-1d8c58313d51,4d4ac60d-3825-41bc-af0a-86e521847990
7af672be-bd05-438c-86da-1161a275a474,a903ebdc-e090-4c96-8ef3-f4d67ffa58d9
e78805fb-a12a-4cd6-8add-8ab6177037b2,8932fc26-21b1-4386-8abe-f30c7fbc88b5
fd55459e-b0bb-489d-a8d2-7e68ca70c091,8932fc26-21b1-4386-8abe-f30c7fbc88b5
989b0311-56f6-4694-8e8b-74828c89860f,d47c62d5-d2e5-4f03-96bb-29c7814312db
b4d11d04-02be-4f93-80ad-d0463a23b788,c7e4f3b9-6d5d-48a3-a859-4a2164f9577a
7af672be-bd05-438c-86da-1161a275a474,4d4ac60d-3825-41bc-af0a-86e521847990
0a1b1ca8-9e50-4cbd-8f70-ee7f801a58f6,d723ca1f-f7a7-4b3e-8330-082d8785c507
c586ac54-5c72-4db2-b5ef-fb1aa192e954,7cb52507-9a79-4d35-a675-7ea2db1d30bf
59560743-e515-4202-9aca-83959f7d7a12,a9ee32e2-142e-4abe-8148-a7c53f56ad45
fe947bbe-3fa5-4d4b-9148-f56df6f24e43,d47c62d5-d2e5-4f03-96bb-29c7814312db
e5054ed5-7f43-4a43-a862-26b679004735,4d4ac60d-3825-41bc-af0a-86e521847990
c405e063-65a1-4e7b-8ef1-51d579f93fbd,eeec72f5-29ac-405f-b263-954a71ac6c72
97dc512e-2b16-45cd-80ef-36aa8ddcd27c,d47c62d5-d2e5-4f03-96bb-29c7814312db
4fb06c4d-f65c-4a0c-9a25-2772a0e335fe,7cb52507-9a79-4d35-a675-7ea2db1d30bf
f8182832-a457-4868-a892-c84ed30b8ef8,55d45386-c138-469a-84cb-dbb50cc12d54
21f3d375-c9e4-4d10-aa32-ec32f4486632,e5f2a46f-3268-4b31-a3e9-6c7b690e76c0
18bc5039-2f31-440b-9314-d38784c191eb,0fba6d10-eb81-4f81-a44c-8cb496921e47
93d9061c-0f2d-4145-b73f-1bdb0ba07b6e,269139e8-5b07-4b1f-8539-d1159b2a5b60
41c998a7-e366-4a11-a78a-b5c811315f8f,d723ca1f-f7a7-4b3e-8330-082d8785c507
0f179c06-db72-42ce-af14-49493f41a004,55d45386-c138-469a-84cb-dbb50cc12d54
f9f0b9b5-f1bd-4a37-bc5e-e95ebf785ae7,d47c62d5-d2e5-4f03-96bb-29c7814312db
e78805fb-a12a-4cd6-8add-8ab6177037b2,042c817a-b186-438d-b494-1869aa39e410
8d23af74-0250-460b-be2c-03533fa94693,e2f80818-0e3b-4d23-b41e-cb00f0f9ae37
f697a6ef-64b4-4ef6-bbed-552745a5c086,55d45386-c138-469a-84cb-dbb50cc12d54
7b2a800b-4315-4999-b5f5-36de480e6b81,a9ee32e2-142e-4abe-8148-a7c53f56ad45
cc0f08db-ce3c-4f1c-a19f-71a7cba2d288,eeec72f5-29ac-405f-b263-954a71ac6c72
3cd0defc-6aa3-4b76-9d3d-498fdc2c6e74,afdf87e4-32fd-4965-aab7-3de723d5a5b6
141ef7fc-a54a-4b21-bca9-1814d175b2ac,d723ca1f-f7a7-4b3e-8330-082d8785c507
fe947bbe-3fa5-4d4b-9148-f56df6f24e43,afdf87e4-32fd-4965-aab7-3de723d5a5b6
d4e2ef8f-26f3-489f-afbf-0ddc9ba5818a,090d0e70-43b9-464a-b308-685b8f01ddc9
989b0311-56f6-4694-8e8b-74828c89860f,e5f2a46f-3268-4b31-a3e9-6c7b690e76c0
3d3e7680-c818-4233-8b1b-6014e7c36d4c,269139e8-5b07-4b1f-8539-d1159b2a5b60
ee8a801c-e791-4c9b-8d11-8d66095ebaea,c746241b-25fb-4061-9b94-1002dd319ea0
18bc5039-2f31-440b-9314-d38784c191eb,8614abe6-e792-4699-9d7b-95cbf62ca4ff
ee8a801c-e791-4c9b-8d11-8d66095ebaea,2a0612fd-72f2-46e1-b5ad-fa83dfde3609
0c2a781a-eb33-46fb-9d6b-3146ef957b09,c7e4f3b9-6d5d-48a3-a859-4a2164f9577a
6cfb61a6-705f-4edc-8eaa-425b4922a6a4,0fba6d10-eb81-4f81-a44c-8cb496921e47
a018243f-4e09-4ae0-83c9-ce30c15bab6d,a9ee32e2-142e-4abe-8148-a7c53f56ad45
863fe2c5-7cbf-4914-b6ec-42e22fd6b0c3,d723ca1f-f7a7-4b3e-8330-082d8785c507
0412482c-19a7-427f-96ca-c1516529283f,94fc116b-37ac-4b84-a891-8aefb0df59e6
1ee79806-5b2e-4d1f-b4a9-6df5e51cba92,55d45386-c138-469a-84cb-dbb50cc12d54
1c782de8-cdf3-4d08-9594-0d3d7e3c92d7,d723ca1f-f7a7-4b3e-8330-082d8785c507
4dd8f537-27f3-4a55-ada2-23c72c077468,e2f80818-0e3b-4d23-b41e-cb00f0f9ae37
922112dc-3b84-49ac-969f-8afe6282c252,8932fc26-21b1-4386-8abe-f30c7fbc88b5
1316ba84-5eed-4336-a6a0-4d956685c2fb,d723ca1f-f7a7-4b3e-8330-082d8785c507
18bc5039-2f31-440b-9314-d38784c191eb,8932fc26-21b1-4386-8abe-f30c7fbc88b5
feac4131-b0a4-4940-8840-134d60fed92a,0fba6d10-eb81-4f81-a44c-8cb496921e47
9acf1c43-cc06-41e2-aa81-f7edfd270b4b,2a0612fd-72f2-46e1-b5ad-fa83dfde3609
48779df5-3bf2-40ff-bf1f-fcd88f0f9224,55d45386-c138-469a-84cb-dbb50cc12d54
c940e6aa-785c-4840-be1e-de11597c4ebc,d47c62d5-d2e5-4f03-96bb-29c7814312db
93d9061c-0f2d-4145-b73f-1bdb0ba07b6e,e2f80818-0e3b-4d23-b41e-cb00f0f9ae37
8d23af74-0250-460b-be2c-03533fa94693,2a0612fd-72f2-46e1-b5ad-fa83dfde3609
989b0311-56f6-4694-8e8b-74828c89860f,0fba6d10-eb81-4f81-a44c-8cb496921e47
800605b7-3e4e-42f9-a4b9-58580df7ab57,55d45386-c138-469a-84cb-dbb50cc12d54
f8182832-a457-4868-a892-c84ed30b8ef8,5a4068b6-e64a-41a7-85f7-7b64bef3300e
7c63c898-2c70-4637-825d-9e874692ff0c,eeec72f5-29ac-405f-b263-954a71ac6c72
3cd0defc-6aa3-4b76-9d3d-498fdc2c6e74,e5f2a46f-3268-4b31-a3e9-6c7b690e76c0
ee8a801c-e791-4c9b-8d11-8d66095ebaea,e2f80818-0e3b-4d23-b41e-cb00f0f9ae37
47c257c6-a1c0-4b0f-8af7-7a564350f434,042c817a-b186-438d-b494-1869aa39e410
0412482c-19a7-427f-96ca-c1516529283f,5a4068b6-e64a-41a7-85f7-7b64bef3300e
feac4131-b0a4-4940-8840-134d60fed92a,d47c62d5-d2e5-4f03-96bb-29c7814312db
4dd8f537-27f3-4a55-ada2-23c72c077468,042c817a-b186-438d-b494-1869aa39e410
41c998a7-e366-4a11-a78a-b5c811315f8f,a9ee32e2-142e-4abe-8148-a7c53f56ad45
e78805fb-a12a-4cd6-8add-8ab6177037b2,4d4ac60d-3825-41bc-af0a-86e521847990
61d26051-cd43-45d4-b3f4-d031c3d30e43,c746241b-25fb-4061-9b94-1002dd319ea0
59560743-e515-4202-9aca-83959f7d7a12,801affa5-c555-4874-aa07-cd2469e172db
b772a92a-56e4-4c33-818d-00113ae14f39,eeec72f5-29ac-405f-b263-954a71ac6c72
7c63c898-2c70-4637-825d-9e874692ff0c,5a4068b6-e64a-41a7-85f7-7b64bef3300e
93d9061c-0f2d-4145-b73f-1bdb0ba07b6e,2a0612fd-72f2-46e1-b5ad-fa83dfde3609
f8182832-a457-4868-a892-c84ed30b8ef8,8932fc26-21b1-4386-8abe-f30c7fbc88b5
ddd108b9-f2fe-4476-a9ab-1896b2acbdda,a903ebdc-e090-4c96-8ef3-f4d67ffa58d9
f309ef30-596c-47bf-b0a6-628922d40acb,eeec72f5-29ac-405f-b263-954a71ac6c72
b5337e9d-b0d1-4ef1-9e21-808fce5b1668,d47c62d5-d2e5-4f03-96bb-29c7814312db
3b4e24a2-dfee-436e-9e44-e54171f6acde,d47c62d5-d2e5-4f03-96bb-29c7814312db
82333563-dfe5-4bc8-9559-07eedc3d32fd,5a4068b6-e64a-41a7-85f7-7b64bef3300e
eff073c6-9d40-44e0-84f9-fb9d75801ad3,4d4ac60d-3825-41bc-af0a-86e521847990
8a85b7f4-9098-4dd1-8560-47d845314202,5a4068b6-e64a-41a7-85f7-7b64bef3300e
18bc5039-2f31-440b-9314-d38784c191eb,eeec72f5-29ac-405f-b263-954a71ac6c72
196d44f2-e1f5-4d26-8b1e-5a51aaa20d10,94fc116b-37ac-4b84-a891-8aefb0df59e6
b5337e9d-b0d1-4ef1-9e21-808fce5b1668,a9ee32e2-142e-4abe-8148-a7c53f56ad45
48779df5-3bf2-40ff-bf1f-fcd88f0f9224,94fc116b-37ac-4b84-a891-8aefb0df59e6
1ee79806-5b2e-4d1f-b4a9-6df5e51cba92,9f4b1e0d-7bac-4e21-ac8d-e5b4252c5ebc
141ef7fc-a54a-4b21-bca9-1814d175b2ac,042c817a-b186-438d-b494-1869aa39e410
863fe2c5-7cbf-4914-b6ec-42e22fd6b0c3,eeec72f5-29ac-405f-b263-954a71ac6c72
0c2a781a-eb33-46fb-9d6b-3146ef957b09,eeec72f5-29ac-405f-b263-954a71ac6c72
4dd8f537-27f3-4a55-ada2-23c72c077468,c746241b-25fb-4061-9b94-1002dd319ea0
3ed75b12-060a-4aa7-babb-0dbf01074a96,d47c62d5-d2e5-4f03-96bb-29c7814312db
3d3e7680-c818-4233-8b1b-6014e7c36d4c,e2f80818-0e3b-4d23-b41e-cb00f0f9ae37
ee8a801c-e791-4c9b-8d11-8d66095ebaea,801affa5-c555-4874-aa07-cd2469e172db
a5475f50-351d-41db-a528-e4a214e43a52,042c817a-b186-438d-b494-1869aa39e410
0c2a781a-eb33-46fb-9d6b-3146ef957b09,8614abe6-e792-4699-9d7b-95cbf62ca4ff
c405e063-65a1-4e7b-8ef1-51d579f93fbd,4d4ac60d-3825-41bc-af0a-86e521847990
8d23af74-0250-460b-be2c-03533fa94693,4d4ac60d-3825-41bc-af0a-86e521847990
fd2dd2b8-e836-4885-b8d9-f0e1ee4eb699,9f4b1e0d-7bac-4e21-ac8d-e5b4252c5ebc
8a85b7f4-9098-4dd1-8560-47d845314202,a9ee32e2-142e-4abe-8148-a7c53f56ad45
6bb854b9-3cc6-4781-96f3-d8bfd8722a5b,e5f2a46f-3268-4b31-a3e9-6c7b690e76c0
48779df5-3bf2-40ff-bf1f-fcd88f0f9224,269139e8-5b07-4b1f-8539-d1159b2a5b60
8a85b7f4-9098-4dd1-8560-47d845314202,e5f2a46f-3268-4b31-a3e9-6c7b690e76c0
2211b228-48ab-445a-a9cb-f52887c9aa53,2a0612fd-72f2-46e1-b5ad-fa83dfde3609
3ed75b12-060a-4aa7-babb-0dbf01074a96,269139e8-5b07-4b1f-8539-d1159b2a5b60
1d9358c5-091e-4e69-8dc2-3279e0d5bf1c,55d45386-c138-469a-84cb-dbb50cc12d54
a018243f-4e09-4ae0-83c9-ce30c15bab6d,d723ca1f-f7a7-4b3e-8330-082d8785c507
a018243f-4e09-4ae0-83c9-ce30c15bab6d,d47c62d5-d2e5-4f03-96bb-29c7814312db
b5337e9d-b0d1-4ef1-9e21-808fce5b1668,afdf87e4-32fd-4965-aab7-3de723d5a5b6
f697a6ef-64b4-4ef6-bbed-552745a5c086,2a0612fd-72f2-46e1-b5ad-fa83dfde3609
c94993fa-7e17-48f9-a8c5-379f19f2905b,7cb52507-9a79-4d35-a675-7ea2db1d30bf
c94993fa-7e17-48f9-a8c5-379f19f2905b,b336c4f3-e196-4503-a128-b24a9fdbbe98
8a85b7f4-9098-4dd1-8560-47d845314202,7cb52507-9a79-4d35-a675-7ea2db1d30bf
7af672be-bd05-438c-86da-1161a275a474,d47c62d5-d2e5-4f03-96bb-29c7814312db
7c63c898-2c70-4637-825d-9e874692ff0c,afdf87e4-32fd-4965-aab7-3de723d5a5b6
82333563-dfe5-4bc8-9559-07eedc3d32fd,090d0e70-43b9-464a-b308-685b8f01ddc9
989b0311-56f6-4694-8e8b-74828c89860f,5a4068b6-e64a-41a7-85f7-7b64bef3300e
b772a92a-56e4-4c33-818d-00113ae14f39,5a4068b6-e64a-41a7-85f7-7b64bef3300e
68303753-e1e4-42d3-8f2a-e1ff43b12f49,090d0e70-43b9-464a-b308-685b8f01ddc9
6136884a-861c-4a81-a881-bfe4fb124d9e,e2f80818-0e3b-4d23-b41e-cb00f0f9ae37
4e58be5a-f261-472f-b1d6-f5ea203dc710,8932fc26-21b1-4386-8abe-f30c7fbc88b5
b5337e9d-b0d1-4ef1-9e21-808fce5b1668,d723ca1f-f7a7-4b3e-8330-082d8785c507
4f42ae4a-852c-44c4-afb5-2c58895bc2b9,c7e4f3b9-6d5d-48a3-a859-4a2164f9577a
6136884a-861c-4a81-a881-bfe4fb124d9e,8932fc26-21b1-4386-8abe-f30c7fbc88b5
d43a1ad2-a1f8-4562-8126-c0672898e935,b336c4f3-e196-4503-a128-b24a9fdbbe98
682d794e-b749-4a4f-ac4e-47c9baf22d7c,090d0e70-43b9-464a-b308-685b8f01ddc9
6bb854b9-3cc6-4781-96f3-d8bfd8722a5b,0fba6d10-eb81-4f81-a44c-8cb496921e47
7279414f-23d7-4e71-aa65-c3f27594f04a,afdf87e4-32fd-4965-aab7-3de723d5a5b6
feac4131-b0a4-4940-8840-134d60fed92a,a903ebdc-e090-4c96-8ef3-f4d67ffa58d9
3238dab2-e8b3-4de8-b2ce-92996c4b7093,4d4ac60d-3825-41bc-af0a-86e521847990
22194c1e-eeeb-402c-b100-aaf357ce3d18,d47c62d5-d2e5-4f03-96bb-29c7814312db
6cbb759e-a8ca-4714-b4d0-03a4c22a8c77,afdf87e4-32fd-4965-aab7-3de723d5a5b6
0c2a781a-eb33-46fb-9d6b-3146ef957b09,afdf87e4-32fd-4965-aab7-3de723d5a5b6
1efcdeb6-ed47-4e89-9b31-879674a2e61d,b336c4f3-e196-4503-a128-b24a9fdbbe98
4d6f23fd-b2c6-45b0-9a82-c01b65880ce4,c7e4f3b9-6d5d-48a3-a859-4a2164f9577a
1316ba84-5eed-4336-a6a0-4d956685c2fb,801affa5-c555-4874-aa07-cd2469e172db
8d23af74-0250-460b-be2c-03533fa94693,a9ee32e2-142e-4abe-8148-a7c53f56ad45
04cee8a0-1e87-41e0-a82b-857ad8b7fcff,afdf87e4-32fd-4965-aab7-3de723d5a5b6
8d23af74-0250-460b-be2c-03533fa94693,801affa5-c555-4874-aa07-cd2469e172db
6136884a-861c-4a81-a881-bfe4fb124d9e,a9ee32e2-142e-4abe-8148-a7c53f56ad45
f697a6ef-64b4-4ef6-bbed-552745a5c086,b336c4f3-e196-4503-a128-b24a9fdbbe98
5e5d7294-c71f-4bf0-8945-fb094f038355,801affa5-c555-4874-aa07-cd2469e172db
610d6f60-5b98-4ca5-b126-f9889b67349d,4d4ac60d-3825-41bc-af0a-86e521847990
97dc512e-2b16-45cd-80ef-36aa8ddcd27c,afdf87e4-32fd-4965-aab7-3de723d5a5b6
1c782de8-cdf3-4d08-9594-0d3d7e3c92d7,c7e4f3b9-6d5d-48a3-a859-4a2164f9577a
82333563-dfe5-4bc8-9559-07eedc3d32fd,4d4ac60d-3825-41bc-af0a-86e521847990
1efcdeb6-ed47-4e89-9b31-879674a2e61d,e5f2a46f-3268-4b31-a3e9-6c7b690e76c0
1c782de8-cdf3-4d08-9594-0d3d7e3c92d7,eeec72f5-29ac-405f-b263-954a71ac6c72
d43a1ad2-a1f8-4562-8126-c0672898e935,c746241b-25fb-4061-9b94-1002dd319ea0
6bcc82b2-ff1f-448e-b251-d7a34f054185,8932fc26-21b1-4386-8abe-f30c7fbc88b5
800605b7-3e4e-42f9-a4b9-58580df7ab57,0fba6d10-eb81-4f81-a44c-8cb496921e47
babb1ee8-0a4c-407e-b57e-1a0a1a74a86e,8932fc26-21b1-4386-8abe-f30c7fbc88b5
e78805fb-a12a-4cd6-8add-8ab6177037b2,5a4068b6-e64a-41a7-85f7-7b64bef3300e
c586ac54-5c72-4db2-b5ef-fb1aa192e954,e2f80818-0e3b-4d23-b41e-cb00f0f9ae37
5e026f1c-9e20-44a3-b433-7e7947974e21,7cb52507-9a79-4d35-a675-7ea2db1d30bf
5e5d7294-c71f-4bf0-8945-fb094f038355,c746241b-25fb-4061-9b94-1002dd319ea0
61d26051-cd43-45d4-b3f4-d031c3d30e43,090d0e70-43b9-464a-b308-685b8f01ddc9
babb1ee8-0a4c-407e-b57e-1a0a1a74a86e,d723ca1f-f7a7-4b3e-8330-082d8785c507
d90e7896-980e-4520-9a28-482597a66979,8614abe6-e792-4699-9d7b-95cbf62ca4ff
0f179c06-db72-42ce-af14-49493f41a004,eeec72f5-29ac-405f-b263-954a71ac6c72
5e5d7294-c71f-4bf0-8945-fb094f038355,d47c62d5-d2e5-4f03-96bb-29c7814312db
6cbb759e-a8ca-4714-b4d0-03a4c22a8c77,5a4068b6-e64a-41a7-85f7-7b64bef3300e
b772a92a-56e4-4c33-818d-00113ae14f39,8614abe6-e792-4699-9d7b-95cbf62ca4ff
bc1ab289-73cd-4483-9e25-c8c360515c30,eeec72f5-29ac-405f-b263-954a71ac6c72
68303753-e1e4-42d3-8f2a-e1ff43b12f49,7cb52507-9a79-4d35-a675-7ea2db1d30bf
c94993fa-7e17-48f9-a8c5-379f19f2905b,d723ca1f-f7a7-4b3e-8330-082d8785c507
8d23af74-0250-460b-be2c-03533fa94693,8932fc26-21b1-4386-8abe-f30c7fbc88b5
9df6207a-8415-49a2-bd53-d5805106826a,2a0612fd-72f2-46e1-b5ad-fa83dfde3609
1c782de8-cdf3-4d08-9594-0d3d7e3c92d7,55d45386-c138-469a-84cb-dbb50cc12d54
6cbb759e-a8ca-4714-b4d0-03a4c22a8c77,94fc116b-37ac-4b84-a891-8aefb0df59e6
59560743-e515-4202-9aca-83959f7d7a12,8932fc26-21b1-4386-8abe-f30c7fbc88b5
41c998a7-e366-4a11-a78a-b5c811315f8f,9f4b1e0d-7bac-4e21-ac8d-e5b4252c5ebc
8a85b7f4-9098-4dd1-8560-47d845314202,2a0612fd-72f2-46e1-b5ad-fa83dfde3609
fa1d0b8a-e557-406f-8643-744a5c4c1f0b,2a0612fd-72f2-46e1-b5ad-fa83dfde3609
3d3e7680-c818-4233-8b1b-6014e7c36d4c,e5f2a46f-3268-4b31-a3e9-6c7b690e76c0
bc1ab289-73cd-4483-9e25-c8c360515c30,9f4b1e0d-7bac-4e21-ac8d-e5b4252c5ebc
3238dab2-e8b3-4de8-b2ce-92996c4b7093,e5f2a46f-3268-4b31-a3e9-6c7b690e76c0
eb7c07c3-985d-4585-a74a-98113ef1893d,d47c62d5-d2e5-4f03-96bb-29c7814312db
fa1d0b8a-e557-406f-8643-744a5c4c1f0b,e5f2a46f-3268-4b31-a3e9-6c7b690e76c0
939aaa41-ca0c-48b7-b5b9-64bf80695d9f,4d4ac60d-3825-41bc-af0a-86e521847990
1db66349-1f13-4b1d-8675-7366c985b628,5a4068b6-e64a-41a7-85f7-7b64bef3300e
f8182832-a457-4868-a892-c84ed30b8ef8,4d4ac60d-3825-41bc-af0a-86e521847990
4f42ae4a-852c-44c4-afb5-2c58895bc2b9,e2f80818-0e3b-4d23-b41e-cb00f0f9ae37
590827da-c4b7-414b-ae0a-1d8c58313d51,9f4b1e0d-7bac-4e21-ac8d-e5b4252c5ebc
59560743-e515-4202-9aca-83959f7d7a12,e5f2a46f-3268-4b31-a3e9-6c7b690e76c0
2211b228-48ab-445a-a9cb-f52887c9aa53,8932fc26-21b1-4386-8abe-f30c7fbc88b5
fa1d0b8a-e557-406f-8643-744a5c4c1f0b,eeec72f5-29ac-405f-b263-954a71ac6c72
a0a52e2f-93ba-4aa2-9fec-383cca12b35a,4d4ac60d-3825-41bc-af0a-86e521847990
6bb854b9-3cc6-4781-96f3-d8bfd8722a5b,94fc116b-37ac-4b84-a891-8aefb0df59e6
4f42ae4a-852c-44c4-afb5-2c58895bc2b9,9f4b1e0d-7bac-4e21-ac8d-e5b4252c5ebc
04cee8a0-1e87-41e0-a82b-857ad8b7fcff,7cb52507-9a79-4d35-a675-7ea2db1d30bf
45ed5142-071e-4da0-8a2f-e806a078d7fb,8614abe6-e792-4699-9d7b-95cbf62ca4ff
f8182832-a457-4868-a892-c84ed30b8ef8,eeec72f5-29ac-405f-b263-954a71ac6c72
d90e7896-980e-4520-9a28-482597a66979,d723ca1f-f7a7-4b3e-8330-082d8785c507
6bcc82b2-ff1f-448e-b251-d7a34f054185,2a0612fd-72f2-46e1-b5ad-fa83dfde3609
fe947bbe-3fa5-4d4b-9148-f56df6f24e43,8614abe6-e792-4699-9d7b-95cbf62ca4ff
04cee8a0-1e87-41e0-a82b-857ad8b7fcff,c746241b-25fb-4061-9b94-1002dd319ea0
f9f0b9b5-f1bd-4a37-bc5e-e95ebf785ae7,4d4ac60d-3825-41bc-af0a-86e521847990
b772a92a-56e4-4c33-818d-00113ae14f39,090d0e70-43b9-464a-b308-685b8f01ddc9
c405e063-65a1-4e7b-8ef1-51d579f93fbd,d47c62d5-d2e5-4f03-96bb-29c7814312db
3d3e7680-c818-4233-8b1b-6014e7c36d4c,b336c4f3-e196-4503-a128-b24a9fdbbe98
0f179c06-db72-42ce-af14-49493f41a004,c746241b-25fb-4061-9b94-1002dd319ea0
922112dc-3b84-49ac-969f-8afe6282c252,5a4068b6-e64a-41a7-85f7-7b64bef3300e
c94993fa-7e17-48f9-a8c5-379f19f2905b,9f4b1e0d-7bac-4e21-ac8d-e5b4252c5ebc
61d26051-cd43-45d4-b3f4-d031c3d30e43,afdf87e4-32fd-4965-aab7-3de723d5a5b6
6136884a-861c-4a81-a881-bfe4fb124d9e,269139e8-5b07-4b1f-8539-d1159b2a5b60
1316ba84-5eed-4336-a6a0-4d956685c2fb,042c817a-b186-438d-b494-1869aa39e410
93d9061c-0f2d-4145-b73f-1bdb0ba07b6e,c746241b-25fb-4061-9b94-1002dd319ea0
b4d11d04-02be-4f93-80ad-d0463a23b788,090d0e70-43b9-464a-b308-685b8f01ddc9
4e58be5a-f261-472f-b1d6-f5ea203dc710,eeec72f5-29ac-405f-b263-954a71ac6c72
cc0f08db-ce3c-4f1c-a19f-71a7cba2d288,e5f2a46f-3268-4b31-a3e9-6c7b690e76c0
47c257c6-a1c0-4b0f-8af7-7a564350f434,9f4b1e0d-7bac-4e21-ac8d-e5b4252c5ebc
922112dc-3b84-49ac-969f-8afe6282c252,e2f80818-0e3b-4d23-b41e-cb00f0f9ae37
a018243f-4e09-4ae0-83c9-ce30c15bab6d,b336c4f3-e196-4503-a128-b24a9fdbbe98
1c782de8-cdf3-4d08-9594-0d3d7e3c92d7,d47c62d5-d2e5-4f03-96bb-29c7814312db
5e026f1c-9e20-44a3-b433-7e7947974e21,afdf87e4-32fd-4965-aab7-3de723d5a5b6
1c782de8-cdf3-4d08-9594-0d3d7e3c92d7,a903ebdc-e090-4c96-8ef3-f4d67ffa58d9
61dc7d4b-fd52-45ec-bf1f-8dc6c655cb4e,94fc116b-37ac-4b84-a891-8aefb0df59e6
f8182832-a457-4868-a892-c84ed30b8ef8,c7e4f3b9-6d5d-48a3-a859-4a2164f9577a
1316ba84-5eed-4336-a6a0-4d956685c2fb,afdf87e4-32fd-4965-aab7-3de723d5a5b6
61dc7d4b-fd52-45ec-bf1f-8dc6c655cb4e,b336c4f3-e196-4503-a128-b24a9fdbbe98
4e58be5a-f261-472f-b1d6-f5ea203dc710,8614abe6-e792-4699-9d7b-95cbf62ca4ff
d4e2ef8f-26f3-489f-afbf-0ddc9ba5818a,d723ca1f-f7a7-4b3e-8330-082d8785c507
6cfb61a6-705f-4edc-8eaa-425b4922a6a4,4d4ac60d-3825-41bc-af0a-86e521847990
4dd8f537-27f3-4a55-ada2-23c72c077468,5a4068b6-e64a-41a7-85f7-7b64bef3300e
3238dab2-e8b3-4de8-b2ce-92996c4b7093,d47c62d5-d2e5-4f03-96bb-29c7814312db
1ee79806-5b2e-4d1f-b4a9-6df5e51cba92,042c817a-b186-438d-b494-1869aa39e410
b772a92a-56e4-4c33-818d-00113ae14f39,042c817a-b186-438d-b494-1869aa39e410
1efcdeb6-ed47-4e89-9b31-879674a2e61d,5a4068b6-e64a-41a7-85f7-7b64bef3300e
bc1ab289-73cd-4483-9e25-c8c360515c30,b336c4f3-e196-4503-a128-b24a9fdbbe98
ddd108b9-f2fe-4476-a9ab-1896b2acbdda,9f4b1e0d-7bac-4e21-ac8d-e5b4252c5ebc
3b4e24a2-dfee-436e-9e44-e54171f6acde,8614abe6-e792-4699-9d7b-95cbf62ca4ff
3cd0defc-6aa3-4b76-9d3d-498fdc2c6e74,4d4ac60d-3825-41bc-af0a-86e521847990
fe947bbe-3fa5-4d4b-9148-f56df6f24e43,7cb52507-9a79-4d35-a675-7ea2db1d30bf
cc0f08db-ce3c-4f1c-a19f-71a7cba2d288,d723ca1f-f7a7-4b3e-8330-082d8785c507
3ed75b12-060a-4aa7-babb-0dbf01074a96,eeec72f5-29ac-405f-b263-954a71ac6c72
141ef7fc-a54a-4b21-bca9-1814d175b2ac,0fba6d10-eb81-4f81-a44c-8cb496921e47
f9f0b9b5-f1bd-4a37-bc5e-e95ebf785ae7,5a4068b6-e64a-41a7-85f7-7b64bef3300e
1d9358c5-091e-4e69-8dc2-3279e0d5bf1c,94fc116b-37ac-4b84-a891-8aefb0df59e6
b5337e9d-b0d1-4ef1-9e21-808fce5b1668,0fba6d10-eb81-4f81-a44c-8cb496921e47
d43a1ad2-a1f8-4562-8126-c0672898e935,4d4ac60d-3825-41bc-af0a-86e521847990
efb16bae-a92c-44fb-bff3-48b0559f879e,e2f80818-0e3b-4d23-b41e-cb00f0f9ae37
45ed5142-071e-4da0-8a2f-e806a078d7fb,801affa5-c555-4874-aa07-cd2469e172db
efb16bae-a92c-44fb-bff3-48b0559f879e,8614abe6-e792-4699-9d7b-95cbf62ca4ff
141ef7fc-a54a-4b21-bca9-1814d175b2ac,a9ee32e2-142e-4abe-8148-a7c53f56ad45
babb1ee8-0a4c-407e-b57e-1a0a1a74a86e,c746241b-25fb-4061-9b94-1002dd319ea0
863fe2c5-7cbf-4914-b6ec-42e22fd6b0c3,a903ebdc-e090-4c96-8ef3-f4d67ffa58d9
feac4131-b0a4-4940-8840-134d60fed92a,8932fc26-21b1-4386-8abe-f30c7fbc88b5
22194c1e-eeeb-402c-b100-aaf357ce3d18,8614abe6-e792-4699-9d7b-95cbf62ca4ff
d4e2ef8f-26f3-489f-afbf-0ddc9ba5818a,5a4068b6-e64a-41a7-85f7-7b64bef3300e
5e0f9366-c524-4208-951d-984500584634,7cb52507-9a79-4d35-a675-7ea2db1d30bf
5e026f1c-9e20-44a3-b433-7e7947974e21,8932fc26-21b1-4386-8abe-f30c7fbc88b5
bc1ab289-73cd-4483-9e25-c8c360515c30,4d4ac60d-3825-41bc-af0a-86e521847990
610d6f60-5b98-4ca5-b126-f9889b67349d,e5f2a46f-3268-4b31-a3e9-6c7b690e76c0
460de21c-8afd-45c5-84ee-9693f39857e9,c7e4f3b9-6d5d-48a3-a859-4a2164f9577a
922112dc-3b84-49ac-969f-8afe6282c252,b336c4f3-e196-4503-a128-b24a9fdbbe98
c586ac54-5c72-4db2-b5ef-fb1aa192e954,a9ee32e2-142e-4abe-8148-a7c53f56ad45
fe3d11b0-2ad8-4f4c-9ee1-11b637afe104,94fc116b-37ac-4b84-a891-8aefb0df59e6
21f3d375-c9e4-4d10-aa32-ec32f4486632,7cb52507-9a79-4d35-a675-7ea2db1d30bf
0412482c-19a7-427f-96ca-c1516529283f,e2f80818-0e3b-4d23-b41e-cb00f0f9ae37
41c998a7-e366-4a11-a78a-b5c811315f8f,55d45386-c138-469a-84cb-dbb50cc12d54
737a43e8-c389-4cf2-9ee7-ba2182b5606c,7cb52507-9a79-4d35-a675-7ea2db1d30bf
f309ef30-596c-47bf-b0a6-628922d40acb,0fba6d10-eb81-4f81-a44c-8cb496921e47
f280af32-c46d-4231-9b48-7b557bcdac24,94fc116b-37ac-4b84-a891-8aefb0df59e6
47c257c6-a1c0-4b0f-8af7-7a564350f434,eeec72f5-29ac-405f-b263-954a71ac6c72
3238dab2-e8b3-4de8-b2ce-92996c4b7093,7cb52507-9a79-4d35-a675-7ea2db1d30bf
939aaa41-ca0c-48b7-b5b9-64bf80695d9f,e5f2a46f-3268-4b31-a3e9-6c7b690e76c0
0a1b1ca8-9e50-4cbd-8f70-ee7f801a58f6,55d45386-c138-469a-84cb-dbb50cc12d54
1db66349-1f13-4b1d-8675-7366c985b628,2a0612fd-72f2-46e1-b5ad-fa83dfde3609
c940e6aa-785c-4840-be1e-de11597c4ebc,d723ca1f-f7a7-4b3e-8330-082d8785c507
b772a92a-56e4-4c33-818d-00113ae14f39,94fc116b-37ac-4b84-a891-8aefb0df59e6
922112dc-3b84-49ac-969f-8afe6282c252,d723ca1f-f7a7-4b3e-8330-082d8785c507
4fb06c4d-f65c-4a0c-9a25-2772a0e335fe,2a0612fd-72f2-46e1-b5ad-fa83dfde3609
737a43e8-c389-4cf2-9ee7-ba2182b5606c,afdf87e4-32fd-4965-aab7-3de723d5a5b6
d43a1ad2-a1f8-4562-8126-c0672898e935,042c817a-b186-438d-b494-1869aa39e410
0412482c-19a7-427f-96ca-c1516529283f,b336c4f3-e196-4503-a128-b24a9fdbbe98
fa1d0b8a-e557-406f-8643-744a5c4c1f0b,afdf87e4-32fd-4965-aab7-3de723d5a5b6
61d26051-cd43-45d4-b3f4-d031c3d30e43,b336c4f3-e196-4503-a128-b24a9fdbbe98
93d9061c-0f2d-4145-b73f-1bdb0ba07b6e,0fba6d10-eb81-4f81-a44c-8cb496921e47
7279414f-23d7-4e71-aa65-c3f27594f04a,0fba6d10-eb81-4f81-a44c-8cb496921e47
7b2a800b-4315-4999-b5f5-36de480e6b81,269139e8-5b07-4b1f-8539-d1159b2a5b60
82333563-dfe5-4bc8-9559-07eedc3d32fd,d723ca1f-f7a7-4b3e-8330-082d8785c507
c586ac54-5c72-4db2-b5ef-fb1aa192e954,c7e4f3b9-6d5d-48a3-a859-4a2164f9577a
c94993fa-7e17-48f9-a8c5-379f19f2905b,269139e8-5b07-4b1f-8539-d1159b2a5b60
3b4e24a2-dfee-436e-9e44-e54171f6acde,8932fc26-21b1-4386-8abe-f30c7fbc88b5
93d9061c-0f2d-4145-b73f-1bdb0ba07b6e,a903ebdc-e090-4c96-8ef3-f4d67ffa58d9
4dd8f537-27f3-4a55-ada2-23c72c077468,d723ca1f-f7a7-4b3e-8330-082d8785c507
eff073c6-9d40-44e0-84f9-fb9d75801ad3,a903ebdc-e090-4c96-8ef3-f4d67ffa58d9
